<?xml version="1.0" encoding="UTF-8"?>
<scripts>

	<!-- Initialization script -->
	<initialization>

		<!-- Set analog mode -->
		<command>
			<type>C1</type>
			<value>01</value>
		</command>

		<!-- Set control lines 
			Bit	Description					Value
			7	Unused						0
			6	Extended Measurement range	0
			5	Invert						0
			4	Low power					0	
			3	Measurement axis MSB		0	(3 ax1s)
			2	Measurement axis LSB		0
			1	Range MSB					0	(+-300 mT)
			0	Range LSB					1
		-->
		<command>
			<type>45</type>
			<value>01</value>
		</command>
		
	</initialization>
	
	<!-- Measurement script -->
	<measurement repeat="0">
	
		<!-- Loop to acquire samples -->
		<loop count="10" average="false">
		
			<!-- Digitize BX -->
			<command outputIndex="0">
				<type>41</type>
				<value>00</value>
			</command>
			
			<!-- Digitize BY -->
			<command outputIndex="1">
				<type>42</type>
				<value>00</value>
			</command>
			
			<!-- Digitize BZ -->
			<command outputIndex="2">
				<type>43</type>
				<value>00</value>
			</command>
			
			<!-- Digitize temperature -->
			<command outputIndex="3">
				<type>44</type>
				<value>00</value>
			</command>
			
		</loop>
		
	</measurement>
	
</scripts>